Rsid	Pops	File
rs1000535	FIN	rs1000535 FIN.txt
rs10193074	EUR ASW AMR	rs10193074 EUR ASW AMR.txt
rs10678727	FIN	rs10678727 FIN.txt
rs10735568	FIN	rs10735568 FIN.txt
rs10839537	FIN	rs10839537 FIN.txt
rs10871774	FIN	rs10871774 FIN.txt
rs10892761	EUR ASW AMR	rs10892761 EUR ASW AMR.txt
rs10905856	FIN	rs10905856 FIN.txt
rs11161721	ASW	rs11161721 ASW.txt
rs111873142	FIN	rs111873142 FIN.txt
rs112349722	FIN	rs112349722 FIN.txt
rs112527210	FIN	rs112527210 FIN.txt
rs112843209	FIN	rs112843209 FIN.txt
rs112912841	EUR	rs112912841 EUR.txt
rs112945849	FIN	rs112945849 FIN.txt
rs113018921	FIN	rs113018921 FIN.txt
rs11466328	EUR	rs11466328 EUR.txt
rs11490380	FIN	rs11490380 FIN.txt
rs115723230	FIN	rs115723230 FIN.txt
rs116461311	FIN	rs116461311 FIN.txt
rs117023642	FIN	rs117023642 FIN.txt
rs11788387	FIN	rs11788387 FIN.txt
rs118112762	FIN	rs118112762 FIN.txt
rs12085223	FIN	rs12085223 FIN.txt
rs12765664	FIN	rs12765664 FIN.txt
rs1289231	FIN	rs1289231 FIN.txt
rs138191925	FIN	rs138191925 FIN.txt
rs140162370	FIN	rs140162370 FIN.txt
rs1418269	FIN	rs1418269 FIN.txt
rs143057876	FIN	rs143057876 FIN.txt
rs146427742	FIN	rs146427742 FIN.txt
rs149014416	ASW	rs149014416 ASW.txt
rs1558001	ASW	rs1558001 ASW.txt
rs17053026	EUR ASW AMR	rs17053026 EUR ASW AMR.txt
rs17480505	FIN	rs17480505 FIN.txt
rs17716275	FIN	rs17716275 FIN.txt
rs17766756	FIN	rs17766756 FIN.txt
rs1877720	EUR	rs1877720 EUR.txt
rs188928429	FIN	rs188928429 FIN.txt
rs192868041	FIN	rs192868041 FIN.txt
rs1949931	EUR ASW AMR	rs1949931 EUR ASW AMR.txt
rs1965937	FIN	rs1965937 FIN.txt
rs1966628	FIN	rs1966628 FIN.txt
rs2001841	FIN	rs2001841 FIN.txt
rs200334508	FIN	rs200334508 FIN.txt
rs200390855	FIN	rs200390855 FIN.txt
rs201386833	EUR	rs201386833 EUR.txt
rs201450565	EUR	rs201450565 EUR.txt
rs201608472	FIN	rs201608472 FIN.txt
rs202013048	FIN	rs202013048 FIN.txt
rs202170665	FIN	rs202170665 FIN.txt
rs2106507	FIN	rs2106507 FIN.txt
rs2115040	FIN	rs2115040 FIN.txt
rs2146858	FIN	rs2146858 FIN.txt
rs2181743	FIN	rs2181743 FIN.txt
rs2410212	FIN	rs2410212 FIN.txt
rs2616554	FIN	rs2616554 FIN.txt
rs2794256	EUR ASW AMR	rs2794256 EUR ASW AMR.txt
rs2807820	FIN	rs2807820 FIN.txt
rs28677989	FIN	rs28677989 FIN.txt
rs2889323	EUR ASW AMR	rs2889323 EUR ASW AMR.txt
rs2963463	EUR	rs2963463 EUR.txt
rs34288836	FIN	rs34288836 FIN.txt
rs34635471	FIN	rs34635471 FIN.txt
rs35113467	FIN	rs35113467 FIN.txt
rs35464758	FIN	rs35464758 FIN.txt
rs372271081	EUR ASW AMR	rs372271081 EUR ASW AMR.txt
rs3777722	EUR ASW AMR	rs3777722 EUR ASW AMR.txt
rs4627235	FIN	rs4627235 FIN.txt
rs4704916	FIN	rs4704916 FIN.txt
rs480745	EUR ASW AMR	rs480745 EUR ASW AMR.txt
rs4851694	EUR ASW AMR	rs4851694 EUR ASW AMR.txt
rs4919105	FIN	rs4919105 FIN.txt
rs501631	EUR ASW AMR	rs501631 EUR ASW AMR.txt
rs539974331	FIN	rs539974331 FIN.txt
rs55889542	FIN	rs55889542 FIN.txt
rs56309858	FIN	rs56309858 FIN.txt
rs563538	EUR ASW AMR	rs563538 EUR ASW AMR.txt
rs572482355	FIN	rs572482355 FIN.txt
rs57670997	FIN	rs57670997 FIN.txt
rs58505239	FIN	rs58505239 FIN.txt
rs59172073	FIN	rs59172073 FIN.txt
rs60417571	EUR ASW AMR	rs60417571 EUR ASW AMR.txt
rs610269	FIN	rs610269 FIN.txt
rs61887835	FIN	rs61887835 FIN.txt
rs61953951	FIN	rs61953951 FIN.txt
rs62504329	FIN	rs62504329 FIN.txt
rs642846	FIN	rs642846 FIN.txt
rs6543256	EUR ASW AMR	rs6543256 EUR ASW AMR.txt
rs6590390	FIN	rs6590390 FIN.txt
rs68147667	FIN	rs68147667 FIN.txt
rs687184	FIN	rs687184 FIN.txt
rs7006225	FIN	rs7006225 FIN.txt
rs7093347	FIN	rs7093347 FIN.txt
rs72134357	FIN	rs72134357 FIN.txt
rs7217780	EUR	rs7217780 EUR.txt
rs7231406	FIN	rs7231406 FIN.txt
rs72385215	FIN	rs72385215 FIN.txt
rs72545460	FIN	rs72545460 FIN.txt
rs72767375	FIN	rs72767375 FIN.txt
rs73212551	FIN	rs73212551 FIN.txt
rs73323006	FIN	rs73323006 FIN.txt
rs737263	FIN	rs737263 FIN.txt
rs73814923	FIN	rs73814923 FIN.txt
rs74514462	FIN	rs74514462 FIN.txt
rs75055007	EUR ASW AMR	rs75055007 EUR ASW AMR.txt
rs75292075	FIN	rs75292075 FIN.txt
rs7537459	FIN	rs7537459 FIN.txt
rs75495909	FIN	rs75495909 FIN.txt
rs79033343	FIN	rs79033343 FIN.txt
rs8016110	EUR ASW AMR	rs8016110 EUR ASW AMR.txt
rs9342062	FIN	rs9342062 FIN.txt
rs9389588	FIN	rs9389588 FIN.txt
rs9974083	FIN	rs9974083 FIN.txt
rs7892483	EUR	rs7892483 EUR.txt
rs7594852	EUR	rs7594852 EUR.txt
