SNPS	MAPPED_GENE	Min_P	P_num	Bronchopulmonary.dysplasia.in.preterm.infants_30113228	Early.spontaneous.preterm.birth_31194736	Early.spontaneous.preterm.birth_31477735	Moderate.to.late.spontaneous.preterm.birth_31194736	Preterm.birth..maternal.effect...maternal.pre.pregnancy.BMI.interaction._28598419	Preterm.birth..maternal.effect._28877031	Spontaneous.preterm.birth..maternal.effect._28598419	Spontaneous.preterm.birth..preterm.birth._25599974	Spontaneous.preterm.birth..preterm.birth._31194736	Spontaneous.preterm.birth..preterm.delivery._25599974	Spontaneous.preterm.birth.with.premature.rupture.of.membranes_31194736	Spontaneous.preterm.birth.without.premature.rupture.of.membranes_31194736	Surgical.necrotising.enterocolitis.in.extremely.premature.birth_29538362
1	chr10:15127366		4e-06	1	NA	NA	NA	NA	NA	NA	NA	NA	NA	NA	NA	NA	4e-06
2	chr10:23702385		3e-06	1	NA	NA	NA	NA	NA	NA	NA	NA	NA	NA	NA	NA	3e-06
3	chr11:124744005		4e-07	1	NA	NA	NA	NA	NA	NA	NA	NA	NA	NA	NA	NA	4e-07
4	chr12:131048872		5e-06	1	5e-06	NA	NA	NA	NA	NA	NA	NA	NA	NA	NA	NA	NA
5	chr13:28365664		7e-06	1	NA	NA	NA	NA	NA	NA	NA	NA	NA	NA	NA	NA	7e-06
6	chr13:82687564		5e-06	1	NA	NA	NA	NA	NA	NA	NA	NA	NA	NA	NA	NA	5e-06
7	chr16:60394055		6e-06	1	NA	NA	NA	NA	NA	NA	NA	NA	NA	NA	NA	NA	6e-06
8	chr18:39130032		1e-06	1	NA	NA	NA	NA	NA	NA	NA	NA	NA	NA	NA	NA	1e-06
9	chr2:33777089		6e-06	1	6e-06	NA	NA	NA	NA	NA	NA	NA	NA	NA	NA	NA	NA
10	chr2:4838394		4e-06	1	NA	NA	NA	NA	NA	NA	NA	NA	NA	NA	NA	NA	4e-06
11	chr2:54980799		5e-06	1	5e-06	NA	NA	NA	NA	NA	NA	NA	NA	NA	NA	NA	NA
12	chr3:8801391		4e-06	1	NA	NA	NA	NA	NA	NA	NA	NA	NA	NA	NA	NA	4e-06
13	chr8:15436629		9e-06	1	NA	NA	NA	NA	NA	NA	NA	NA	NA	NA	NA	NA	9e-06
14	rs1000535	STK32C	7e-06	1	NA	NA	NA	NA	NA	NA	NA	NA	NA	NA	NA	7e-06	NA
15	rs10193074	LINC00276 - AC131957.1	4e-06	1	4e-06	NA	NA	NA	NA	NA	NA	NA	NA	NA	NA	NA	NA
16	rs10505232	CARS1P2 - TRPS1	7e-09	1	NA	NA	NA	NA	NA	NA	NA	NA	NA	NA	NA	NA	7e-09
17	rs10678727	UBTD1	2e-06	2	NA	3e-06	NA	NA	NA	NA	NA	NA	2e-06	NA	NA	NA	NA
18	rs10735568	SLC28A3, AL157886.1	7e-06	1	NA	NA	NA	7e-06	NA	NA	NA	NA	NA	NA	NA	NA	NA
19	rs10839537	CCKBR - AC068733.2	2e-06	1	NA	2e-06	NA	NA	NA	NA	NA	NA	NA	NA	NA	NA	NA
20	rs10871774	NFE2L3P1	2e-06	1	NA	NA	NA	NA	NA	NA	NA	NA	NA	NA	NA	2e-06	NA
21	rs10892761	SORL1	3e-06	1	NA	NA	NA	NA	NA	NA	NA	3e-06	NA	NA	NA	NA	NA
22	rs10905856	RBM17 - PFKFB3	5e-06	1	NA	NA	NA	NA	NA	NA	NA	NA	5e-06	NA	NA	NA	NA
23	rs11161721	COL24A1	4e-09	1	NA	NA	NA	NA	4e-09	NA	NA	NA	NA	NA	NA	NA	NA
24	rs111873142	TBCD, TBCD	1e-06	1	NA	NA	NA	1e-06	NA	NA	NA	NA	NA	NA	NA	NA	NA
25	rs112349722	CDKL3, AC104109.4	2e-06	1	NA	NA	NA	2e-06	NA	NA	NA	NA	NA	NA	NA	NA	NA
26	rs112527210	TOPORS	9e-06	1	NA	9e-06	NA	NA	NA	NA	NA	NA	NA	NA	NA	NA	NA
27	rs112843209	NFE2L3P1	4e-06	1	NA	NA	NA	4e-06	NA	NA	NA	NA	NA	NA	NA	NA	NA
28	rs112912841	LPP	1e-07	1	NA	NA	1e-07	NA	NA	NA	NA	NA	NA	NA	NA	NA	NA
29	rs112945849	GABRB3	5e-06	1	NA	NA	NA	NA	NA	NA	NA	NA	NA	NA	NA	5e-06	NA
30	rs113018921	MSI2	8e-06	1	NA	NA	NA	NA	NA	NA	NA	NA	NA	NA	8e-06	NA	NA
31	rs11466328	TGFB1	5e-07	1	NA	NA	NA	NA	NA	5e-07	NA	NA	NA	NA	NA	NA	NA
32	rs11490380	LINC00431 - LINC00368	4e-06	1	NA	4e-06	NA	NA	NA	NA	NA	NA	NA	NA	NA	NA	NA
33	rs115723230	RN7SKP61 - AC108752.1	2e-06	2	NA	NA	NA	2e-06	NA	NA	NA	NA	9e-06	NA	NA	NA	NA
34	rs116461311	SLIT2	2e-07	2	NA	2e-07	NA	NA	NA	NA	NA	NA	2e-06	NA	NA	NA	NA
35	rs117023642	AC021613.1, LINC02153	4e-07	1	NA	NA	NA	NA	NA	NA	NA	NA	NA	NA	4e-07	NA	NA
36	rs11719409	CCDC75P1 - RNU6-1270P	7e-06	1	NA	NA	NA	NA	NA	NA	NA	NA	NA	NA	NA	NA	7e-06
37	rs11788387	AL591368.1 - RNA5SP287	6e-07	1	NA	NA	NA	NA	NA	NA	NA	NA	NA	NA	6e-07	NA	NA
38	rs118112762	FNDC3A	7e-06	1	NA	NA	NA	NA	NA	NA	NA	NA	NA	NA	7e-06	NA	NA
39	rs12085223	AC099792.1	2e-06	1	NA	NA	NA	NA	NA	NA	NA	NA	NA	NA	NA	2e-06	NA
40	rs12765664	ADAMTS14	5e-06	2	NA	NA	NA	NA	NA	NA	NA	NA	6e-06	NA	5e-06	NA	NA
41	rs1289231	LINC02428	6e-06	1	NA	NA	NA	NA	NA	NA	NA	NA	NA	NA	NA	6e-06	NA
42	rs138191925	MEIS1	5e-06	1	NA	5e-06	NA	NA	NA	NA	NA	NA	NA	NA	NA	NA	NA
43	rs140162370	TMEM241	1e-06	1	NA	NA	NA	NA	NA	NA	NA	NA	NA	NA	NA	1e-06	NA
44	rs1418269	AL360085.1 - RNU6-1163P	8e-06	1	NA	NA	NA	NA	NA	NA	NA	NA	8e-06	NA	NA	NA	NA
45	rs143057876	AKAP8P1 - AL451129.1	4e-06	1	NA	NA	NA	4e-06	NA	NA	NA	NA	NA	NA	NA	NA	NA
46	rs146427742	COL8A2 - TRAPPC3	2e-06	1	NA	2e-06	NA	NA	NA	NA	NA	NA	NA	NA	NA	NA	NA
47	rs149014416	LINC02099 - AC131254.1	2e-08	1	NA	NA	NA	NA	NA	NA	2e-08	NA	NA	NA	NA	NA	NA
48	rs1558001	HGF - CACNA2D1	3e-08	1	NA	NA	NA	NA	NA	NA	3e-08	NA	NA	NA	NA	NA	NA
49	rs17053026	CACNA1D	5e-06	1	NA	NA	NA	NA	NA	NA	NA	NA	NA	5e-06	NA	NA	NA
50	rs17480505	SLC8A1-AS1	3e-06	2	NA	3e-06	NA	NA	NA	NA	NA	NA	4e-06	NA	NA	NA	NA
51	rs17694839	MACROD2	3e-06	1	NA	NA	NA	NA	NA	NA	NA	NA	NA	NA	NA	NA	3e-06
52	rs17716275	AC011505.1	5e-06	1	NA	NA	NA	5e-06	NA	NA	NA	NA	NA	NA	NA	NA	NA
53	rs17766756	RNF217-AS1, NKAIN2	3e-06	1	NA	NA	NA	NA	NA	NA	NA	NA	NA	NA	3e-06	NA	NA
54	rs186049	MCTP1	7e-06	1	NA	NA	NA	NA	NA	NA	NA	NA	NA	NA	NA	NA	7e-06
55	rs1877720	SPATA6	4e-07	1	NA	NA	4e-07	NA	NA	NA	NA	NA	NA	NA	NA	NA	NA
56	rs188928429	NEUROD4	3e-06	1	NA	NA	NA	NA	NA	NA	NA	NA	NA	NA	NA	3e-06	NA
57	rs192868041	AL138749.1 - RPS20P25	4e-06	1	NA	NA	NA	4e-06	NA	NA	NA	NA	NA	NA	NA	NA	NA
58	rs1949931	LINC02047 - AC016930.1	9e-06	1	9e-06	NA	NA	NA	NA	NA	NA	NA	NA	NA	NA	NA	NA
59	rs1965937	AC107208.1 - GUCY1A1	9e-06	1	NA	NA	NA	NA	NA	NA	NA	NA	NA	NA	NA	9e-06	NA
60	rs1966628	NCKAP5	8e-06	1	NA	NA	NA	NA	NA	NA	NA	NA	8e-06	NA	NA	NA	NA
61	rs2001841	FHIT - PTPRG	6e-07	1	NA	NA	NA	NA	NA	NA	NA	NA	NA	NA	NA	6e-07	NA
62	rs200334508	TRMT61B	4e-06	1	NA	NA	NA	NA	NA	NA	NA	NA	4e-06	NA	NA	NA	NA
63	rs200390855	RNU7-66P - AL591004.1	3e-06	1	NA	NA	NA	3e-06	NA	NA	NA	NA	NA	NA	NA	NA	NA
64	rs201386833	RN7SL712P - AKR1B1P8	1e-11	1	NA	NA	NA	NA	NA	1e-11	NA	NA	NA	NA	NA	NA	NA
65	rs201450565	EEFSEC	2e-12	1	NA	NA	NA	NA	NA	2e-12	NA	NA	NA	NA	NA	NA	NA
66	rs201608472	SUCLG2	2e-06	1	NA	NA	NA	NA	NA	NA	NA	NA	NA	NA	2e-06	NA	NA
67	rs2017027	KIAA1328	2e-06	1	NA	NA	NA	NA	NA	NA	NA	NA	NA	NA	NA	NA	2e-06
68	rs202013048	FSTL5 - MTHFD2P4	4e-06	1	NA	NA	NA	NA	NA	NA	NA	NA	NA	NA	4e-06	NA	NA
69	rs202170665	DLG2	5e-06	1	NA	NA	NA	NA	NA	NA	NA	NA	5e-06	NA	NA	NA	NA
70	rs2106507	HDAC9	6e-06	1	NA	NA	NA	6e-06	NA	NA	NA	NA	NA	NA	NA	NA	NA
71	rs2115040	LVRN	4e-06	1	NA	NA	NA	NA	NA	NA	NA	NA	NA	NA	NA	4e-06	NA
72	rs2146858	OTX2-AS1, AL391152.1	2e-07	1	NA	NA	NA	2e-07	NA	NA	NA	NA	NA	NA	NA	NA	NA
73	rs2181743	KTN1-AS1	5e-06	1	NA	5e-06	NA	NA	NA	NA	NA	NA	NA	NA	NA	NA	NA
74	rs2410212	DSCAM	2e-06	1	NA	NA	NA	NA	NA	NA	NA	NA	NA	NA	NA	2e-06	NA
75	rs2616554	VGLL4	4e-06	1	NA	NA	NA	NA	NA	NA	NA	NA	NA	NA	4e-06	NA	NA
76	rs2794256	AL078600.1 - MIR3144	5e-06	1	NA	NA	NA	NA	NA	NA	NA	5e-06	NA	NA	NA	NA	NA
77	rs2807820	AL390334.1 - BNIP3P1	7e-06	1	NA	NA	NA	NA	NA	NA	NA	NA	NA	NA	7e-06	NA	NA
78	rs28677989	SLC39A11	3e-06	1	NA	3e-06	NA	NA	NA	NA	NA	NA	NA	NA	NA	NA	NA
79	rs2889323	AC068535.2	6e-06	1	6e-06	NA	NA	NA	NA	NA	NA	NA	NA	NA	NA	NA	NA
80	rs2955885	IDO2	4e-06	1	NA	NA	NA	NA	NA	NA	NA	NA	NA	NA	NA	NA	4e-06
81	rs2963463	AC091979.2 - AC091939.1	5e-15	1	NA	NA	NA	NA	NA	5e-15	NA	NA	NA	NA	NA	NA	NA
82	rs3181382	ADCY4, ADCY4	1e-07	1	NA	NA	NA	NA	NA	NA	NA	NA	NA	NA	NA	NA	1e-07
83	rs34288836	AC009495.1, AC009495.3	4e-06	1	NA	NA	NA	NA	NA	NA	NA	NA	NA	NA	4e-06	NA	NA
84	rs34635471	SLC7A14-AS1, AC026316.4	9e-07	1	NA	NA	NA	NA	NA	NA	NA	NA	NA	NA	NA	9e-07	NA
85	rs35113467	C10orf90	2e-07	1	NA	2e-07	NA	NA	NA	NA	NA	NA	NA	NA	NA	NA	NA
86	rs35198725	AL031681.1 - SRSF6	2e-06	1	NA	NA	NA	NA	NA	NA	NA	NA	NA	NA	NA	NA	2e-06
87	rs35464758	RNU6-329P - AL442644.2	2e-06	1	NA	NA	NA	NA	NA	NA	NA	NA	2e-06	NA	NA	NA	NA
88	rs372271081	NBL1, MICOS10-NBL1	7e-07	1	7e-07	NA	NA	NA	NA	NA	NA	NA	NA	NA	NA	NA	NA
89	rs3777722	AL159163.1, RNASET2	1e-09	1	NA	NA	NA	NA	NA	NA	NA	1e-09	NA	NA	NA	NA	NA
90	rs4627235	NPAS3	6e-06	1	NA	NA	NA	6e-06	NA	NA	NA	NA	NA	NA	NA	NA	NA
91	rs4704916	AC008677.3 - AC025437.5	2e-06	2	NA	NA	NA	NA	NA	NA	NA	NA	2e-06	NA	8e-06	NA	NA
92	rs480745	AL157944.1	7e-07	1	NA	NA	NA	NA	NA	NA	NA	7e-07	NA	NA	NA	NA	NA
93	rs4822112	TCF20, TCF20, TCF20, TCF20, TCF20, TCF20, TCF20, TCF20	5e-06	1	NA	NA	NA	NA	NA	NA	NA	NA	NA	NA	NA	NA	5e-06
94	rs4851694	AC068535.1 - AC068535.2	6e-06	1	6e-06	NA	NA	NA	NA	NA	NA	NA	NA	NA	NA	NA	NA
95	rs4919105	UBTD1	2e-06	1	NA	NA	NA	NA	NA	NA	NA	NA	NA	NA	2e-06	NA	NA
96	rs501631	GLIS3	7e-06	1	NA	NA	NA	NA	NA	NA	NA	NA	NA	7e-06	NA	NA	NA
97	rs539974331	EIF1P3 - GLUL	1e-06	2	NA	NA	NA	NA	NA	NA	NA	NA	9e-06	NA	NA	1e-06	NA
98	rs55889542	KAZN	5e-06	1	NA	NA	NA	5e-06	NA	NA	NA	NA	NA	NA	NA	NA	NA
99	rs56309858	SDK1	3e-06	1	NA	NA	NA	3e-06	NA	NA	NA	NA	NA	NA	NA	NA	NA
100	rs563538	SMAD9	8e-06	1	NA	NA	NA	NA	NA	NA	NA	8e-06	NA	NA	NA	NA	NA
101	rs56402448	SLC37A3	6e-06	1	NA	NA	NA	NA	NA	NA	NA	NA	NA	NA	NA	NA	6e-06
102	rs572482355	GRID1	4e-06	1	NA	NA	NA	NA	NA	NA	NA	NA	NA	NA	NA	4e-06	NA
103	rs57670997	SUGCT	2e-06	1	NA	NA	NA	NA	NA	NA	NA	NA	2e-06	NA	NA	NA	NA
104	rs58505239	HSPA12B	7e-06	2	NA	NA	NA	NA	NA	NA	NA	NA	9e-06	NA	NA	7e-06	NA
105	rs58578562	ADAM28, AC120193.1	4e-06	1	NA	NA	NA	NA	NA	NA	NA	NA	NA	NA	NA	NA	4e-06
106	rs59172073	TBX2, TBX2-AS1	7e-06	1	NA	NA	NA	NA	NA	NA	NA	NA	NA	NA	NA	7e-06	NA
107	rs60140289	AL138749.1 - RPS20P25	9e-06	1	NA	NA	NA	NA	NA	NA	NA	NA	NA	NA	NA	NA	9e-06
108	rs60417571	STK32C	3e-06	1	3e-06	NA	NA	NA	NA	NA	NA	NA	NA	NA	NA	NA	NA
109	rs610269	DLGAP1	8e-06	1	NA	NA	NA	NA	NA	NA	NA	NA	8e-06	NA	NA	NA	NA
110	rs61329746	AC068481.1 - RN7SKP112	7e-06	1	NA	NA	NA	NA	NA	NA	NA	NA	NA	NA	NA	NA	7e-06
111	rs61887835	LGR4	7e-06	1	NA	NA	NA	NA	NA	NA	NA	NA	NA	NA	7e-06	NA	NA
112	rs61953951	AL161616.1 - RXFP2	1e-06	1	NA	NA	NA	NA	NA	NA	NA	NA	NA	NA	NA	1e-06	NA
113	rs62176284	AC007749.2	8e-06	1	NA	NA	NA	NA	NA	NA	NA	NA	NA	NA	NA	NA	8e-06
114	rs62278738	AC131211.1 - TOMM22P6	5e-06	1	NA	NA	NA	NA	NA	NA	NA	NA	NA	NA	NA	NA	5e-06
115	rs62504329	EXTL3 - INTS9	4e-06	1	NA	NA	NA	4e-06	NA	NA	NA	NA	NA	NA	NA	NA	NA
116	rs642846	KSR2	2e-06	1	NA	NA	NA	NA	NA	NA	NA	NA	NA	NA	2e-06	NA	NA
117	rs6543256	LINC01102	7e-06	1	7e-06	NA	NA	NA	NA	NA	NA	NA	NA	NA	NA	NA	NA
118	rs6590390	RPS27P20 - AP003500.1	5e-06	1	NA	NA	NA	NA	NA	NA	NA	NA	NA	NA	5e-06	NA	NA
119	rs68147667	LINC01849	5e-06	1	NA	NA	NA	NA	NA	NA	NA	NA	NA	NA	NA	5e-06	NA
120	rs687184	AL391117.1, LINC01239	2e-07	1	NA	NA	NA	2e-07	NA	NA	NA	NA	NA	NA	NA	NA	NA
121	rs6939601	TIAM2	3e-06	1	NA	NA	NA	NA	NA	NA	NA	NA	NA	NA	NA	NA	3e-06
122	rs7006225	DLC1	7e-06	1	NA	NA	NA	NA	NA	NA	NA	NA	7e-06	NA	NA	NA	NA
123	rs7093347	ADAMTS14	4e-06	1	NA	NA	NA	4e-06	NA	NA	NA	NA	NA	NA	NA	NA	NA
124	rs72134357	RN7SL782P - RN7SKP122	4e-06	1	NA	NA	NA	4e-06	NA	NA	NA	NA	NA	NA	NA	NA	NA
125	rs7217780	AC005703.7	5e-08	1	NA	NA	NA	NA	NA	5e-08	NA	NA	NA	NA	NA	NA	NA
126	rs7231406	FHOD3	6e-06	1	NA	NA	NA	NA	NA	NA	NA	NA	NA	NA	6e-06	NA	NA
127	rs72385215		5e-06	1	NA	NA	NA	NA	NA	NA	NA	NA	5e-06	NA	NA	NA	NA
128	rs72545460	STK35	1e-06	1	NA	1e-06	NA	NA	NA	NA	NA	NA	NA	NA	NA	NA	NA
129	rs72767375	MYT1L	2e-06	1	NA	NA	NA	2e-06	NA	NA	NA	NA	NA	NA	NA	NA	NA
130	rs73212551	KLHL1	9e-06	1	NA	NA	NA	NA	NA	NA	NA	NA	NA	NA	NA	9e-06	NA
131	rs73323006	NOG - C17orf67	8e-06	1	NA	8e-06	NA	NA	NA	NA	NA	NA	NA	NA	NA	NA	NA
132	rs737263	SHISAL1	9e-08	1	NA	NA	NA	9e-08	NA	NA	NA	NA	NA	NA	NA	NA	NA
133	rs73814923	VGLL4, AC022001.2	1e-06	1	NA	NA	NA	1e-06	NA	NA	NA	NA	NA	NA	NA	NA	NA
134	rs74514462	SVEP1	8e-06	1	NA	NA	NA	NA	NA	NA	NA	NA	NA	NA	NA	8e-06	NA
135	rs75055007	ABAT	3e-06	1	3e-06	NA	NA	NA	NA	NA	NA	NA	NA	NA	NA	NA	NA
136	rs75292075	KALRN	4e-06	1	NA	NA	NA	4e-06	NA	NA	NA	NA	NA	NA	NA	NA	NA
137	rs7537459	AL162400.1 - AL162400.2	5e-06	1	NA	NA	NA	NA	NA	NA	NA	NA	NA	NA	5e-06	NA	NA
138	rs75495909	KIAA1217	7e-06	1	NA	NA	NA	7e-06	NA	NA	NA	NA	NA	NA	NA	NA	NA
139	rs79033343	NMNAT2	3e-06	1	NA	NA	NA	3e-06	NA	NA	NA	NA	NA	NA	NA	NA	NA
140	rs8016110	MDGA2	3e-06	1	3e-06	NA	NA	NA	NA	NA	NA	NA	NA	NA	NA	NA	NA
141	rs9310398	SYN2	9e-06	1	NA	NA	NA	NA	NA	NA	NA	NA	NA	NA	NA	NA	9e-06
142	rs9342062	NDUFA5P9 - AL391417.1	4e-06	1	NA	NA	NA	NA	NA	NA	NA	NA	NA	NA	NA	4e-06	NA
143	rs9389588	NHSL1	2e-06	1	NA	NA	NA	NA	NA	NA	NA	NA	NA	NA	NA	2e-06	NA
144	rs9648634	AC004852.2 - GAPDHP68	8e-06	1	NA	NA	NA	NA	NA	NA	NA	NA	NA	NA	NA	NA	8e-06
145	rs9927732	BANP	3e-07	1	NA	NA	NA	NA	NA	NA	NA	NA	NA	NA	NA	NA	3e-07
146	rs9974083	DSCAM	4e-06	1	NA	NA	NA	NA	NA	NA	NA	NA	4e-06	NA	NA	NA	NA
