Rsid	Gene
rs59887145	direct=RBM17, distal=FBXO18,ANKRD16
rs11256662	direct=RBM17, distal=IL15RA,PFKFB3,IL2RA
rs76943221	direct=RBM17, distal=IL15RA,PFKFB3,IL2RA
rs140764661	direct=RBM17, distal=IL15RA,PFKFB3,IL2RA
rs12123086	direct=COL8A2, distal=TRAPPC3,EVA1B,AGO3,MAP7D1
rs58420974	direct=PDCL3, distal=RPL31,NPAS2,CHST10
rs35758933	distal=FANK1
rs12775081	distal=FANK1
rs12780232	distal=FANK1
rs56402335	distal=KIAA1217
rs12262588	distal=KIAA1217
rs146850358	distal=FBXO18
rs3752987	distal=PFKFB3
rs7895702	distal=AVPI1
rs34716440	distal=CLEC3B
rs56828381	distal=SIPA1L1
rs1131497	distal=SIPA1L1
rs3087925	distal=SIPA1L1
rs1131499	distal=SIPA1L1
rs10769677	distal=CNGA4
rs1571867	distal=RAB20
rs9559930	distal=RAB20
rs9559931	distal=RAB20
rs9559932	distal=RAB20
rs1977554	distal=RAB20
rs9559929	distal=RAB20
rs35716369	distal=RAB20
rs9555756	distal=RAB20,TUBGCP3
rs12427976	distal=RAB20,TUBGCP3
rs61953951	distal=CACNG7
rs12867016	distal=SPG20
rs618407	distal=ALG5
rs117141769	distal=CAB39L,SETDB2
rs117794744	distal=CAB39L,SETDB2
rs4791619	distal=PMP22,TEKT3
rs75229777	distal=TEKT3
rs35386588	distal=TEKT3
rs16951285	distal=TEKT3
rs12449862	distal=TEKT3
rs8070951	distal=TEKT3
rs981250	distal=PMP22
rs10694160	distal=PMP22
rs4054464	distal=PMP22
rs5819520	distal=PMP22
rs1380179	distal=PMP22
rs8072232	distal=C17orf80,FAM104A
rs45447497	distal=CABLES1
rs115466816	distal=CABLES1
rs116574564	distal=CABLES1
rs115168653	distal=CABLES1
rs77026268	distal=TMEM241
rs138014240	distal=CABLES1
rs140332194	distal=RBBP8
rs114413540	distal=CABLES1
rs74936361	distal=CABLES1
rs79572361	distal=CABLES1
rs76860078	distal=CABLES1
rs80188799	distal=CABLES1
rs77056984	direct=TMEM241, distal=CABLES1
rs115715111	direct=TMEM241, distal=CABLES1
rs1338319	distal=SLC5A9
rs4814982	distal=NSFL1C
rs6113005	distal=SDCBP2
rs6113006	distal=SDCBP2
rs6106287	distal=SDCBP2
rs6113010	distal=SDCBP2
rs58386401	distal=NPAS2
rs55837393	distal=CHCHD5
rs13019249	distal=SLC20A1
rs71826397	distal=ZC3H6
rs6721044	distal=ZC3H6
rs7577241	distal=ZC3H6
rs10187155	distal=WDR43
rs61056790	distal=BCL6
rs2306375	distal=BCL6
rs73059687	distal=BCL6
rs16863131	distal=BCL6
rs73059690	distal=BCL6
rs6848961	distal=NFKB1
rs60669832	distal=FAM184A
rs9372544	distal=FAM184A
rs9385080	distal=FAM184A
rs9399242	distal=PERP
rs3777723	distal=ZNF366
rs3798303	distal=ZNF366
rs17171685	distal=INHBA
rs1854164	distal=SVEP1
rs1327530	distal=SVEP1
rs11422071	distal=TXN
rs2986668	distal=TXN
rs143698265	distal=C9orf152
rs61412192	distal=TXN
rs10980399	distal=C9orf152
rs10980401	distal=C9orf152
rs564618	distal=CDC37L1
